[
    {
        "batch": 1,
        "id": 1,
        "migration": "2014_10_12_000000_create_users_table"
    },
    {
        "batch": 1,
        "id": 2,
        "migration": "2014_10_12_100000_create_password_resets_table"
    },
    {
        "batch": 1,
        "id": 3,
        "migration": "2014_10_12_200000_add_two_factor_columns_to_users_table"
    },
    {
        "batch": 1,
        "id": 4,
        "migration": "2019_08_19_000000_create_failed_jobs_table"
    },
    {
        "batch": 1,
        "id": 5,
        "migration": "2019_12_14_000001_create_personal_access_tokens_table"
    },
    {
        "batch": 1,
        "id": 6,
        "migration": "2022_05_16_061942_create_systematisches_table"
    },
    {
        "batch": 1,
        "id": 7,
        "migration": "2022_05_16_062003_create_texts_table"
    },
    {
        "batch": 1,
        "id": 8,
        "migration": "2022_05_16_062023_create_text_infos_table"
    },
    {
        "batch": 1,
        "id": 9,
        "migration": "2022_05_16_062040_create_vocs_table"
    },
    {
        "batch": 1,
        "id": 10,
        "migration": "2022_05_17_194700_create_sessions_table"
    }
]