[
    {
        "author": null,
        "chapter": "1",
        "contributor": null,
        "extra_info": null,
        "grade": 1,
        "id": 1,
        "method": "Statio",
        "passage": null,
        "text_title": "Sententiae",
        "work": null
    },
    {
        "author": null,
        "chapter": "1",
        "contributor": null,
        "extra_info": null,
        "grade": 1,
        "id": 2,
        "method": "Statio",
        "passage": null,
        "text_title": "Carmina burana",
        "work": null
    },
    {
        "author": null,
        "chapter": "2",
        "contributor": "",
        "extra_info": "-",
        "grade": 1,
        "id": 3,
        "method": "Statio",
        "passage": null,
        "text_title": "Aeneas vlucht uit Troje",
        "work": null
    },
    {
        "author": null,
        "chapter": "2",
        "contributor": null,
        "extra_info": "-",
        "grade": 1,
        "id": 4,
        "method": "Statio",
        "passage": null,
        "text_title": "De geboorte van Romulus en Remus",
        "work": null
    },
    {
        "author": null,
        "chapter": null,
        "contributor": null,
        "extra_info": null,
        "grade": null,
        "id": 5,
        "method": null,
        "passage": null,
        "text_title": "De wolvin en de herder",
        "work": null
    },
    {
        "author": null,
        "chapter": null,
        "contributor": null,
        "extra_info": null,
        "grade": null,
        "id": 6,
        "method": null,
        "passage": null,
        "text_title": "De Sabijnse maagdenroof",
        "work": null
    },
    {
        "author": null,
        "chapter": null,
        "contributor": null,
        "extra_info": null,
        "grade": null,
        "id": 7,
        "method": null,
        "passage": null,
        "text_title": "De ganzen van de Capitolinus",
        "work": null
    },
    {
        "author": null,
        "chapter": null,
        "contributor": null,
        "extra_info": null,
        "grade": null,
        "id": 8,
        "method": null,
        "passage": null,
        "text_title": "Hannibal over de Alpen",
        "work": null
    },
    {
        "author": null,
        "chapter": null,
        "contributor": null,
        "extra_info": null,
        "grade": null,
        "id": 9,
        "method": null,
        "passage": null,
        "text_title": "De voortekens",
        "work": null
    },
    {
        "author": null,
        "chapter": null,
        "contributor": null,
        "extra_info": null,
        "grade": null,
        "id": 10,
        "method": null,
        "passage": null,
        "text_title": "Broedermoord",
        "work": null
    },
    {
        "author": null,
        "chapter": null,
        "contributor": null,
        "extra_info": null,
        "grade": null,
        "id": 11,
        "method": null,
        "passage": null,
        "text_title": "Porsenna en Cloelia",
        "work": null
    },
    {
        "author": null,
        "chapter": null,
        "contributor": null,
        "extra_info": null,
        "grade": null,
        "id": 12,
        "method": null,
        "passage": null,
        "text_title": "De moord op Caesar",
        "work": null
    },
    {
        "author": null,
        "chapter": null,
        "contributor": null,
        "extra_info": null,
        "grade": null,
        "id": 13,
        "method": null,
        "passage": null,
        "text_title": "De krekel en de mier",
        "work": null
    },
    {
        "author": null,
        "chapter": null,
        "contributor": null,
        "extra_info": null,
        "grade": null,
        "id": 14,
        "method": null,
        "passage": null,
        "text_title": "De haas en de schildpad",
        "work": null
    },
    {
        "author": null,
        "chapter": null,
        "contributor": null,
        "extra_info": null,
        "grade": null,
        "id": 15,
        "method": null,
        "passage": null,
        "text_title": "De vos en de raaf",
        "work": null
    },
    {
        "author": null,
        "chapter": null,
        "contributor": null,
        "extra_info": null,
        "grade": null,
        "id": 16,
        "method": null,
        "passage": null,
        "text_title": "De wolf en het lam",
        "work": null
    },
    {
        "author": null,
        "chapter": null,
        "contributor": null,
        "extra_info": null,
        "grade": null,
        "id": 17,
        "method": null,
        "passage": null,
        "text_title": "De hond in de rivier",
        "work": null
    },
    {
        "author": null,
        "chapter": null,
        "contributor": null,
        "extra_info": null,
        "grade": null,
        "id": 18,
        "method": null,
        "passage": null,
        "text_title": "Verus en Priscus",
        "work": null
    },
    {
        "author": null,
        "chapter": null,
        "contributor": null,
        "extra_info": null,
        "grade": null,
        "id": 19,
        "method": null,
        "passage": null,
        "text_title": "Androclus en de leeuw",
        "work": null
    },
    {
        "author": null,
        "chapter": null,
        "contributor": null,
        "extra_info": null,
        "grade": null,
        "id": 20,
        "method": null,
        "passage": null,
        "text_title": "Dagboek van een jonge Romein (1)",
        "work": null
    },
    {
        "author": null,
        "chapter": null,
        "contributor": null,
        "extra_info": null,
        "grade": null,
        "id": 21,
        "method": null,
        "passage": null,
        "text_title": "Dagboek van een jonge Romein (2)",
        "work": null
    },
    {
        "author": null,
        "chapter": null,
        "contributor": null,
        "extra_info": null,
        "grade": null,
        "id": 22,
        "method": null,
        "passage": null,
        "text_title": "De sibillijnse boeken",
        "work": null
    },
    {
        "author": null,
        "chapter": null,
        "contributor": null,
        "extra_info": null,
        "grade": null,
        "id": 23,
        "method": null,
        "passage": null,
        "text_title": "Gallo-Romeinse grafschriften",
        "work": null
    },
    {
        "author": null,
        "chapter": null,
        "contributor": null,
        "extra_info": null,
        "grade": null,
        "id": 24,
        "method": null,
        "passage": null,
        "text_title": "Grafschrift Claudia",
        "work": null
    },
    {
        "author": null,
        "chapter": null,
        "contributor": null,
        "extra_info": null,
        "grade": null,
        "id": 25,
        "method": null,
        "passage": null,
        "text_title": "Een voorbeeld van trouw",
        "work": null
    },
    {
        "author": null,
        "chapter": null,
        "contributor": null,
        "extra_info": null,
        "grade": null,
        "id": 26,
        "method": null,
        "passage": null,
        "text_title": "Handel drijven vraagt vaak risico's",
        "work": null
    },
    {
        "author": null,
        "chapter": null,
        "contributor": null,
        "extra_info": null,
        "grade": null,
        "id": 27,
        "method": null,
        "passage": null,
        "text_title": "Drukte in de straten",
        "work": null
    },
    {
        "author": null,
        "chapter": null,
        "contributor": null,
        "extra_info": null,
        "grade": null,
        "id": 28,
        "method": null,
        "passage": null,
        "text_title": "Nachtelijke gevaren",
        "work": null
    },
    {
        "author": null,
        "chapter": null,
        "contributor": null,
        "extra_info": null,
        "grade": null,
        "id": 29,
        "method": null,
        "passage": null,
        "text_title": "Graffiti",
        "work": null
    },
    {
        "author": null,
        "chapter": null,
        "contributor": null,
        "extra_info": null,
        "grade": null,
        "id": 30,
        "method": null,
        "passage": null,
        "text_title": "De dood van Archimedes",
        "work": null
    },
    {
        "author": null,
        "chapter": null,
        "contributor": null,
        "extra_info": null,
        "grade": null,
        "id": 31,
        "method": null,
        "passage": null,
        "text_title": "Epigrammen",
        "work": null
    },
    {
        "author": "Anonymus",
        "chapter": "I",
        "contributor": 1,
        "extra_info": null,
        "grade": 1,
        "id": 35,
        "method": "Aurora",
        "passage": null,
        "text_title": "Wat een haasje lijden kan",
        "work": "Vagantenliederen (1574)"
    },
    {
        "author": "Augustus",
        "chapter": "I",
        "contributor": 1,
        "extra_info": null,
        "grade": 1,
        "id": 36,
        "method": "Aurora",
        "passage": "26, 29, 30, 32",
        "text_title": "De Augusto imperatore",
        "work": "Res Gestae Divi Augusti"
    },
    {
        "author": "Phaedrus",
        "chapter": "5",
        "contributor": 1,
        "extra_info": null,
        "grade": 1,
        "id": 37,
        "method": "Aurora",
        "passage": "I, 6",
        "text_title": "Een veelvraat",
        "work": "Fabulae"
    },
    {
        "author": "Phaedrus",
        "chapter": "V",
        "contributor": 1,
        "extra_info": null,
        "grade": 1,
        "id": 38,
        "method": "Aurora",
        "passage": "I, 13",
        "text_title": "Ijdelheid gestraft",
        "work": "Fabulae"
    },
    {
        "author": "Plinius Maior",
        "chapter": "9",
        "contributor": 1,
        "extra_info": null,
        "grade": 1,
        "id": 39,
        "method": "Aurora II",
        "passage": "VIII, VII 7",
        "text_title": "De olifanten van Pompeius",
        "work": "Naturalis Historia"
    },
    {
        "author": "Livius",
        "chapter": "2",
        "contributor": 1,
        "extra_info": null,
        "grade": 1,
        "id": 40,
        "method": "Aurora II",
        "passage": "V 27, 3-9",
        "text_title": "De slechte schoolmeester",
        "work": "Ab urbe condita"
    },
    {
        "author": "Martialis",
        "chapter": "2",
        "contributor": 1,
        "extra_info": null,
        "grade": 1,
        "id": 41,
        "method": "Aurora II",
        "passage": "IX, 68",
        "text_title": "Meester, laat me toch slapen!",
        "work": "Epigrammen"
    }
]